{
    "autoUpdate": false,
    "autoUpdateNotification": true,
    "useQuickCss": true,
    "themeLinks": [],
    "enabledThemes": [
        "style.css"
    ],
    "enableReactDevtools": false,
    "frameless": true,
    "transparent": false,
    "winCtrlQ": false,
    "disableMinSize": false,
    "winNativeTitleBar": false,
    "plugins": {
        "ChatInputButtonAPI": {
            "enabled": false
        },
        "CommandsAPI": {
            "enabled": true
        },
        "DynamicImageModalAPI": {
            "enabled": false
        },
        "MemberListDecoratorsAPI": {
            "enabled": false
        },
        "MessageAccessoriesAPI": {
            "enabled": true
        },
        "MessageDecorationsAPI": {
            "enabled": false
        },
        "MessageEventsAPI": {
            "enabled": false
        },
        "MessagePopoverAPI": {
            "enabled": false
        },
        "MessageUpdaterAPI": {
            "enabled": false
        },
        "ServerListAPI": {
            "enabled": false
        },
        "UserSettingsAPI": {
            "enabled": true
        },
        "AccountPanelServerProfile": {
            "enabled": false
        },
        "AlwaysAnimate": {
            "enabled": false
        },
        "AlwaysExpandRoles": {
            "enabled": true
        },
        "AlwaysTrust": {
            "enabled": false
        },
        "AnonymiseFileNames": {
            "enabled": false
        },
        "AppleMusicRichPresence": {
            "enabled": false
        },
        "WebRichPresence (arRPC)": {
            "enabled": false
        },
        "BANger": {
            "enabled": false
        },
        "BetterFolders": {
            "enabled": false,
            "sidebar": true,
            "showFolderIcon": 1,
            "keepIcons": false,
            "closeAllHomeButton": false,
            "closeAllFolders": false,
            "forceOpen": false,
            "sidebarAnim": true,
            "closeOthers": false
        },
        "BetterGifAltText": {
            "enabled": false
        },
        "BetterGifPicker": {
            "enabled": false
        },
        "BetterNotesBox": {
            "enabled": false
        },
        "BetterRoleContext": {
            "enabled": false
        },
        "BetterRoleDot": {
            "enabled": false
        },
        "BetterSessions": {
            "enabled": false
        },
        "BetterSettings": {
            "enabled": true,
            "disableFade": true,
            "eagerLoad": true
        },
        "BetterUploadButton": {
            "enabled": false
        },
        "BiggerStreamPreview": {
            "enabled": false
        },
        "BlurNSFW": {
            "enabled": false
        },
        "CallTimer": {
            "enabled": true,
            "format": "stopwatch"
        },
        "ClearURLs": {
            "enabled": false
        },
        "ClientTheme": {
            "enabled": false
        },
        "ColorSighted": {
            "enabled": false
        },
        "ConsoleJanitor": {
            "enabled": false
        },
        "ConsoleShortcuts": {
            "enabled": false
        },
        "CopyEmojiMarkdown": {
            "enabled": false
        },
        "CopyFileContents": {
            "enabled": false
        },
        "CopyUserURLs": {
            "enabled": false
        },
        "CrashHandler": {
            "enabled": true
        },
        "CtrlEnterSend": {
            "enabled": false
        },
        "CustomRPC": {
            "enabled": false
        },
        "CustomIdle": {
            "enabled": false
        },
        "Dearrow": {
            "enabled": false
        },
        "Decor": {
            "enabled": false
        },
        "DisableCallIdle": {
            "enabled": true
        },
        "DontRoundMyTimestamps": {
            "enabled": false
        },
        "EmoteCloner": {
            "enabled": false
        },
        "Experiments": {
            "enabled": false
        },
        "F8Break": {
            "enabled": false
        },
        "FakeNitro": {
            "enabled": false
        },
        "FakeProfileThemes": {
            "enabled": false
        },
        "FavoriteEmojiFirst": {
            "enabled": false
        },
        "FavoriteGifSearch": {
            "enabled": false
        },
        "FixCodeblockGap": {
            "enabled": false
        },
        "FixImagesQuality": {
            "enabled": false
        },
        "FixSpotifyEmbeds": {
            "enabled": false
        },
        "FixYoutubeEmbeds": {
            "enabled": false
        },
        "ForceOwnerCrown": {
            "enabled": false
        },
        "FriendInvites": {
            "enabled": false
        },
        "FriendsSince": {
            "enabled": false
        },
        "FullSearchContext": {
            "enabled": false
        },
        "GameActivityToggle": {
            "enabled": false
        },
        "GifPaste": {
            "enabled": false
        },
        "GreetStickerPicker": {
            "enabled": false
        },
        "HideAttachments": {
            "enabled": false
        },
        "iLoveSpam": {
            "enabled": false
        },
        "IgnoreActivities": {
            "enabled": false
        },
        "ImageLink": {
            "enabled": false
        },
        "ImageZoom": {
            "enabled": false
        },
        "ImplicitRelationships": {
            "enabled": false
        },
        "InvisibleChat": {
            "enabled": false
        },
        "KeepCurrentChannel": {
            "enabled": false
        },
        "LastFMRichPresence": {
            "enabled": false
        },
        "LoadingQuotes": {
            "enabled": false
        },
        "MemberCount": {
            "enabled": false
        },
        "MentionAvatars": {
            "enabled": false
        },
        "MessageClickActions": {
            "enabled": false
        },
        "MessageLatency": {
            "enabled": false
        },
        "MessageLinkEmbeds": {
            "enabled": false
        },
        "MessageLogger": {
            "enabled": false
        },
        "MessageTags": {
            "enabled": false
        },
        "MoreCommands": {
            "enabled": false
        },
        "MoreKaomoji": {
            "enabled": false
        },
        "MoreUserTags": {
            "enabled": false
        },
        "Moyai": {
            "enabled": false
        },
        "MutualGroupDMs": {
            "enabled": false
        },
        "NewGuildSettings": {
            "enabled": false
        },
        "NoBlockedMessages": {
            "enabled": false
        },
        "NoDevtoolsWarning": {
            "enabled": false
        },
        "NoF1": {
            "enabled": false
        },
        "NoMaskedUrlPaste": {
            "enabled": false
        },
        "NoMosaic": {
            "enabled": false
        },
        "NoOnboardingDelay": {
            "enabled": false
        },
        "NoPendingCount": {
            "enabled": false
        },
        "NoProfileThemes": {
            "enabled": false
        },
        "NoReplyMention": {
            "enabled": false
        },
        "NoScreensharePreview": {
            "enabled": false
        },
        "NoServerEmojis": {
            "enabled": false
        },
        "NoTypingAnimation": {
            "enabled": false
        },
        "NoUnblockToJump": {
            "enabled": false
        },
        "NormalizeMessageLinks": {
            "enabled": false
        },
        "NotificationVolume": {
            "enabled": false
        },
        "NSFWGateBypass": {
            "enabled": false
        },
        "OnePingPerDM": {
            "enabled": false
        },
        "oneko": {
            "enabled": false
        },
        "OpenInApp": {
            "enabled": false
        },
        "OverrideForumDefaults": {
            "enabled": false
        },
        "PartyMode": {
            "enabled": false
        },
        "PauseInvitesForever": {
            "enabled": false
        },
        "PermissionFreeWill": {
            "enabled": false
        },
        "PermissionsViewer": {
            "enabled": false
        },
        "petpet": {
            "enabled": false
        },
        "PictureInPicture": {
            "enabled": false
        },
        "PinDMs": {
            "enabled": false
        },
        "PlainFolderIcon": {
            "enabled": false
        },
        "PlatformIndicators": {
            "enabled": false
        },
        "PreviewMessage": {
            "enabled": false
        },
        "QuickMention": {
            "enabled": false
        },
        "QuickReply": {
            "enabled": false
        },
        "ReactErrorDecoder": {
            "enabled": false
        },
        "ReadAllNotificationsButton": {
            "enabled": false
        },
        "RelationshipNotifier": {
            "enabled": false
        },
        "ReplaceGoogleSearch": {
            "enabled": false
        },
        "ReplyTimestamp": {
            "enabled": false
        },
        "RevealAllSpoilers": {
            "enabled": false
        },
        "ReverseImageSearch": {
            "enabled": false
        },
        "ReviewDB": {
            "enabled": false
        },
        "RoleColorEverywhere": {
            "enabled": false
        },
        "SecretRingToneEnabler": {
            "enabled": false
        },
        "Summaries": {
            "enabled": false
        },
        "SendTimestamps": {
            "enabled": false
        },
        "ServerInfo": {
            "enabled": false
        },
        "ServerListIndicators": {
            "enabled": false
        },
        "ShikiCodeblocks": {
            "enabled": false
        },
        "ShowAllMessageButtons": {
            "enabled": false
        },
        "ShowConnections": {
            "enabled": false
        },
        "ShowHiddenChannels": {
            "enabled": false
        },
        "ShowHiddenThings": {
            "enabled": false
        },
        "ShowMeYourName": {
            "enabled": false
        },
        "ShowTimeoutDuration": {
            "enabled": false
        },
        "SilentMessageToggle": {
            "enabled": false
        },
        "SilentTyping": {
            "enabled": false
        },
        "SortFriendRequests": {
            "enabled": false
        },
        "SpotifyControls": {
            "enabled": false
        },
        "SpotifyCrack": {
            "enabled": false
        },
        "SpotifyShareCommands": {
            "enabled": false
        },
        "StartupTimings": {
            "enabled": false
        },
        "StickerPaste": {
            "enabled": false
        },
        "StreamerModeOnStream": {
            "enabled": false
        },
        "SuperReactionTweaks": {
            "enabled": false
        },
        "TextReplace": {
            "enabled": false
        },
        "ThemeAttributes": {
            "enabled": false
        },
        "Translate": {
            "enabled": false
        },
        "TypingIndicator": {
            "enabled": false
        },
        "TypingTweaks": {
            "enabled": false
        },
        "Unindent": {
            "enabled": false
        },
        "UnlockedAvatarZoom": {
            "enabled": false
        },
        "UnsuppressEmbeds": {
            "enabled": false
        },
        "UserMessagesPronouns": {
            "enabled": false
        },
        "UserVoiceShow": {
            "enabled": false
        },
        "USRBG": {
            "enabled": false
        },
        "ValidReply": {
            "enabled": false
        },
        "ValidUser": {
            "enabled": false
        },
        "VoiceChatDoubleClick": {
            "enabled": false
        },
        "VcNarrator": {
            "enabled": false
        },
        "VencordToolbox": {
            "enabled": false
        },
        "ViewIcons": {
            "enabled": false
        },
        "ViewRaw": {
            "enabled": false
        },
        "VoiceDownload": {
            "enabled": false
        },
        "VoiceMessages": {
            "enabled": false
        },
        "VolumeBooster": {
            "enabled": false
        },
        "WebKeybinds": {
            "enabled": true
        },
        "WebScreenShareFixes": {
            "enabled": true
        },
        "WhoReacted": {
            "enabled": false
        },
        "XSOverlay": {
            "enabled": false
        },
        "YoutubeAdblock": {
            "enabled": false
        },
        "NoTrack": {
            "enabled": true,
            "disableAnalytics": true
        },
        "WebContextMenus": {
            "enabled": true,
            "addBack": true
        },
        "Settings": {
            "enabled": true,
            "settingsLocation": "aboveNitro"
        },
        "SupportHelper": {
            "enabled": true
        }
    },
    "notifications": {
        "timeout": 5000,
        "position": "bottom-right",
        "useNative": "not-focused",
        "logLimit": 50
    },
    "cloud": {
        "authenticated": false,
        "url": "https://api.vencord.dev/",
        "settingsSync": false,
        "settingsSyncVersion": 1734975749943
    }
}
